{
  "Mandelbrot 10000x10000, 1000 sync": [
    108319.46500000001,
    104982.06000000003,
    101568.32,
    100902.10000000003,
    102230.72000000003,
    100613.02500000002,
    102591.40500000003,
    101631.02500000002,
    101220.995,
    100581.05999999994
  ],
  "Mandelbrot 10000x10000, 1000 parallel (undefined)": [
    69055.32499999995,
    68476.80500000017,
    68359.11999999988,
    68537.8600000001,
    68810.66000000015,
    70389.19000000018,
    70439.04500000016,
    69042.06499999971,
    68568.56999999983,
    68433.82499999972
  ],
  "Mandelbrot 10000x10000, 1000 parallel (1)": [
    32068.875,
    31712.97999999998,
    31924.780000000028,
    31400.88000000012,
    31190.02000000002,
    31184.01500000013,
    30820.800000000047,
    30553.425000000047,
    30300.094999999972,
    32571.35999999987
  ],
  "Mandelbrot 10000x10000, 1000 parallel (75)": [
    29172.425000000047,
    29286.389999999665,
    29220.77000000002,
    29175.365000000224,
    29195.669999999925,
    29295.67000000039,
    29140.25499999989,
    29124.584999999963,
    29482.41000000015,
    29291.159999999683
  ],
  "Mandelbrot 10000x10000, 1000 parallel (150)": [
    29163.075000000186,
    29457.855000000447,
    29333.885000000242,
    29113.430000000168,
    29283.584999999963,
    29326.975000000093,
    29121.114999999758,
    29283.56499999948,
    29171.064999999944,
    29170.23499999987
  ],
  "Mandelbrot 10000x10000, 1000 parallel (300)": [
    30000.599999999627,
    29980.03000000026,
    29828.18999999948,
    30002.64000000013,
    29829.145000000484,
    29947.909999999683,
    29951.735000000335,
    29647.55000000028,
    29767.95500000054,
    29901.325000000186
  ],
  "Mandelbrot 10000x10000, 1000 parallel (600)": [
    29336.58999999985,
    29170.42500000028,
    29233.739999999758,
    29213.850000000093,
    29273.384999999776,
    29233.77000000002,
    29290.055000000168,
    29285.779999999795,
    29299.759999999776,
    29354.010000000242
  ],
  "Mandelbrot 10000x10000, 1000 parallel (1200)": [
    35970.35499999998,
    35767.01500000013,
    35872.939999999944,
    35696.28500000015,
    35862.28000000026,
    35829.13499999978,
    35743.69499999983,
    36238.43499999959,
    37180.33499999996,
    36013.61500000022
  ],
  "Montecarlo 1 sync": [
    38.325000000186265,
    13.120000000111759,
    8.90500000026077,
    11.785000000149012,
    10.68999999994412,
    13.329999999608845,
    20.40500000026077,
    13.735000000335276,
    7.875000000465661,
    10.104999999981374
  ],
  "Monte carlo 1 parallel": [
    52.8800000003539,
    29.330000000074506,
    31.134999999776483,
    17.515000000130385,
    17.385000000242144,
    22.65499999979511,
    14.035000000149012,
    13.879999999888241,
    25.15499999979511,
    14.224999999627471
  ],
  "Montecarlo 2 sync": [
    28.134999999776483,
    15.870000000111759,
    16.90500000026077,
    18.645000000018626,
    19.549999999813735,
    14.84000000031665,
    9.870000000111759,
    15.029999999795109,
    17.205000000074506,
    14.43999999947846
  ],
  "Monte carlo 2 parallel": [
    36.299999999813735,
    26.300000000279397,
    26.62499999953434,
    29.205000000540167,
    25.200000000186265,
    36.56999999983236,
    30.21500000031665,
    74.9250000002794,
    30.18999999994412,
    28.009999999776483
  ],
  "Montecarlo 4 sync": [
    33.09499999973923,
    28.634999999776483,
    33.169999999925494,
    35.69499999983236,
    22.800000000279397,
    32.36500000022352,
    30.350000000093132,
    31.104999999981374,
    30.15499999979511,
    29.56000000005588
  ],
  "Monte carlo 4 parallel": [
    35.6750000002794,
    32.889999999664724,
    30.475000000093132,
    39.33999999985099,
    36.78999999957159,
    31.18500000005588,
    28.78500000014901,
    32.83499999996275,
    35.22500000009313,
    27.28500000014901
  ],
  "Montecarlo 6 sync": [
    46.40999999968335,
    41.8249999997206,
    41.424999999813735,
    43.69500000029802,
    51.09499999973923,
    46.50000000046566,
    44.80500000016764,
    44.09499999973923,
    44.72500000009313,
    42.80999999959022
  ],
  "Monte carlo 6 parallel": [
    37.15000000037253,
    36.25499999988824,
    40.31499999994412,
    38.39500000001863,
    34.18500000005588,
    38.419999999925494,
    39.264999999664724,
    43.20999999996275,
    43.8699999996461,
    37.700000000186265
  ],
  "Montecarlo 8 sync": [
    57.795000000391155,
    54.015000000130385,
    52.53500000014901,
    52.52000000048429,
    57.19000000040978,
    54.125,
    49.75999999977648,
    54.47500000009313,
    53.68999999947846,
    50.02000000048429
  ],
  "Monte carlo 8 parallel": [
    39.19499999983236,
    48.97500000009313,
    42.864999999757856,
    45.80500000016764,
    41.95500000054017,
    30.040000000037253,
    49.37500000046566,
    37.03500000014901,
    48.33499999996275,
    38.96500000031665
  ],
  "Montecarlo 10 sync": [
    73.80999999959022,
    74.27500000083819,
    70.21999999973923,
    63.299999999813735,
    71.56999999983236,
    71.76500000013039,
    68.30499999970198,
    73.21999999973923,
    70.3300000000745,
    66.90000000037253
  ],
  "Monte carlo 10 parallel": [
    46.9250000002794,
    46.2550000003539,
    43.95999999996275,
    39.65500000026077,
    48.09999999962747,
    46.91000000014901,
    45.9499999997206,
    40.85499999998137,
    46.93999999994412,
    38.27999999979511
  ],
  "Montecarlo 15 sync": [
    103.78500000014901,
    97.55500000016764,
    99.28500000061467,
    99.1699999999255,
    100.15999999968335,
    98.9250000002794,
    100.98499999986961,
    97.3050000006333,
    95.5749999997206,
    104.45999999949709
  ],
  "Monte carlo 15 parallel": [
    51.239999999757856,
    96.01000000024214,
    58.205000000074506,
    58.34500000020489,
    53.9499999997206,
    52.68500000005588,
    53.19500000029802,
    54.46999999973923,
    57.34500000020489,
    52.52999999979511
  ],
  "Knights Tour (5x5) sync": [
    199.89999999990687,
    194.22999999998137,
    201.59499999973923,
    193.73999999975786,
    189.97000000067055,
    194.1300000003539,
    190.2299999995157,
    188.69000000040978,
    192.98000000044703,
    194.63499999977648
  ],
  "Knights Tour (5x5) parallel": [
    118.44499999983236,
    129.75499999988824,
    112.51499999966472,
    109.48500000033528,
    119.26500000013039,
    120.31499999994412,
    115.88999999966472,
    112.80499999970198,
    115.10000000009313,
    112.37500000046566
  ],
  "Knights Tour (6x6) sync": [
    2189354.3850000002,
    2188779.6800000006,
    2187357.0249999985,
    2185024.3100000005,
    2193164.7600000016,
    2183456.004999999,
    2186766.8800000027,
    2185616.450000003,
    2193301.0100000016,
    2181725.6850000024
  ],
  "Knights Tour (6x6) parallel": [
    1183395.2850000001,
    1181263.2750000022,
    1191386.0949999988,
    1185232.3349999972,
    1181425.4300000034,
    1212442.815000005,
    1502688.2699999996,
    1449456.4250000045,
    1332257.7650000006,
    1365309.1549999937
  ]
}