{
  "Mandelbrot 10000x10000, 1000 sync": [
    92671.02,
    92682.04000000001,
    98525.71000000002,
    100883.57999999996,
    99046.04000000004,
    93076.30500000005,
    91312.63500000001,
    91516.11499999999,
    91403.67999999993,
    91522.38
  ],
  "Mandelbrot 10000x10000, 1000 parallel (undefined)": [
    78329.71999999997,
    91491.40000000014,
    63203.11999999988,
    66933.19500000007,
    73525.17499999981,
    85393.57999999984,
    80088.20500000007,
    70812.83499999996,
    81072.42999999993,
    72519.96500000008
  ],
  "Mandelbrot 10000x10000, 1000 parallel (1)": [
    37797.59999999986,
    38878.544999999925,
    38066.284999999916,
    37904.55500000017,
    38258.77500000014,
    37104.85499999998,
    36547.10999999987,
    36282.99500000011,
    35763.69999999972,
    35544.375
  ],
  "Mandelbrot 10000x10000, 1000 parallel (75)": [
    34447.58499999996,
    34290.30500000017,
    34310.46499999985,
    34143.45999999996,
    34255.83999999985,
    34158.47999999998,
    34130.28000000026,
    34171.549999999814,
    34154.22500000009,
    34026.69499999983
  ],
  "Mandelbrot 10000x10000, 1000 parallel (150)": [
    34001.72500000009,
    34036.279999999795,
    34394.64000000013,
    34178.92000000039,
    34008.330000000075,
    33988.90500000026,
    33927.185000000056,
    33999.54000000004,
    33883.79000000004,
    34028.75999999978
  ],
  "Mandelbrot 10000x10000, 1000 parallel (300)": [
    34319.310000000056,
    34365.18000000017,
    34058.79000000004,
    33930.35999999987,
    34362.66500000004,
    34179.720000000205,
    34000.21499999985,
    34244.38499999978,
    34083.595000000205,
    34116.31999999983
  ],
  "Mandelbrot 10000x10000, 1000 parallel (600)": [
    33604.58499999996,
    33593.91500000004,
    33662.30500000017,
    33696.029999999795,
    33794.049999999814,
    33843.875,
    33731.375,
    33738.16000000015,
    33787.72999999998,
    33647.689999999944
  ],
  "Mandelbrot 10000x10000, 1000 parallel (1200)": [
    37577.549999999814,
    37386.875,
    37227.14500000002,
    37286.625,
    37671.37999999989,
    37378.06999999983,
    37240.66500000004,
    37336.5,
    37335.66000000015,
    37322.05500000017
  ],
  "Montecarlo 1 sync": [
    12.325000000186265,
    9.384999999776483,
    4.21500000031665,
    8.34499999973923,
    5.100000000093132,
    6.365000000223517,
    4.194999999832362,
    3.819999999832362,
    4.055000000167638,
    11.495000000111759
  ],
  "Monte carlo 1 parallel": [
    23.074999999720603,
    34.139999999664724,
    22.395000000018626,
    21.700000000186265,
    15.450000000186265,
    24.18500000005588,
    20.83999999985099,
    17.550000000279397,
    16.084999999962747,
    18.91000000014901
  ],
  "Montecarlo 2 sync": [
    13.81499999994412,
    9.890000000130385,
    10.370000000111759,
    8.520000000018626,
    10.550000000279397,
    11.709999999962747,
    13.550000000279397,
    16.234999999869615,
    17.354999999981374,
    14.035000000149012
  ],
  "Monte carlo 2 parallel": [
    32.674999999813735,
    18.229999999981374,
    26.104999999981374,
    17.90499999979511,
    25.489999999757856,
    24.694999999832362,
    14.799999999813735,
    18.760000000242144,
    22.455000000074506,
    21.125
  ],
  "Montecarlo 4 sync": [
    20.41000000014901,
    24.584999999962747,
    16.68999999994412,
    10.989999999757856,
    17.549999999813735,
    15.050000000279397,
    14.989999999757856,
    11.725000000093132,
    14.305000000167638,
    14.580000000074506
  ],
  "Monte carlo 4 parallel": [
    44.82000000029802,
    38.299999999813735,
    21.93999999994412,
    34.609999999869615,
    28.140000000130385,
    20.510000000242144,
    20.725000000093132,
    20.274999999906868,
    23.869999999646097,
    23.22000000020489
  ],
  "Montecarlo 6 sync": [
    19.640000000130385,
    19.955000000074506,
    19.334999999962747,
    20.600000000093132,
    16.5,
    17.484999999869615,
    19.295000000391155,
    17.024999999906868,
    17.225000000093132,
    15.669999999925494
  ],
  "Monte carlo 6 parallel": [
    26.21500000031665,
    24.165000000037253,
    26.429999999701977,
    25.68999999994412,
    23.885000000242144,
    28.87999999988824,
    24.774999999906868,
    23.674999999813735,
    22.945000000298023,
    28.270000000018626
  ],
  "Montecarlo 8 sync": [
    24.489999999757856,
    22.385000000242144,
    23.084999999962747,
    21.565000000409782,
    24.850000000093132,
    24.08999999985099,
    27.234999999869615,
    25.114999999757856,
    29.25,
    29.515000000130385
  ],
  "Monte carlo 8 parallel": [
    25.430000000167638,
    32.81000000005588,
    31.294999999925494,
    24.65999999968335,
    23.87000000011176,
    27.22000000020489,
    26.709999999962747,
    27.81499999994412,
    24.77999999979511,
    22.53000000026077
  ],
  "Montecarlo 10 sync": [
    35.32000000029802,
    36.390000000130385,
    31.865000000223517,
    33.200000000186265,
    34.11500000022352,
    34.0500000002794,
    33.765000000130385,
    34.480000000447035,
    30.824999999720603,
    31.359999999869615
  ],
  "Monte carlo 10 parallel": [
    32.359999999869615,
    29.480000000447035,
    28.75499999988824,
    26.149999999906868,
    31.53500000014901,
    37.00499999988824,
    31.40499999979511,
    27.52999999979511,
    27.149999999906868,
    24.975000000093132
  ],
  "Montecarlo 15 sync": [
    45.60000000009313,
    45.765000000130385,
    46.79000000003725,
    43.55500000016764,
    48.81499999994412,
    46.385000000242144,
    49.80499999970198,
    44.859999999869615,
    51.09000000031665,
    46.94499999983236
  ],
  "Monte carlo 15 parallel": [
    33.28499999968335,
    36.15500000026077,
    34.049999999813735,
    33.859999999869615,
    33.669999999925494,
    33.79000000003725,
    35.22999999998137,
    34.25,
    36.91000000014901,
    39.75
  ],
  "Knights Tour (5x5) sync": [
    164.31499999994412,
    151.35999999986961,
    136.12000000011176,
    132.035000000149,
    134.45999999996275,
    133.33499999996275,
    131.4049999997951,
    131.93500000005588,
    131.04999999981374,
    132.97500000009313
  ],
  "Knights Tour (5x5) parallel": [
    216.1300000003539,
    96.20999999996275,
    80.02000000001863,
    79.26000000024214,
    80.9199999999255,
    79.61500000022352,
    83.75499999988824,
    88.02000000001863,
    104.38500000024214,
    103.27000000001863
  ],
  "Knights Tour (6x6) sync": [
    1503258.6050000004,
    1482227.7999999998,
    1483292.4449999994,
    1480669.209999999,
    1483043.125,
    1482130.7249999996,
    1481427.295,
    1482544.0249999985,
    1479437.2249999978,
    1482609.789999999
  ],
  "Knights Tour (6x6) parallel": [
    1540663.5500000007,
    1489191.3249999993,
    1483111.4750000015,
    1471541.0749999993,
    1469062.6600000001,
    1481263.3550000004,
    1490268.2349999994,
    1471910.9400000013,
    1477566.455000002,
    1477954.3900000043
  ]
}