{
  "Mandelbrot 10000x10000, 1000 sync": [
    609570.5900000001
  ],
  "Mandelbrot 10000x10000, 1000 parallel (undefined)": [
    389615.66000000003
  ],
  "Mandelbrot 10000x10000, 1000 parallel (1)": [
    164161.40500000003
  ],
  "Mandelbrot 10000x10000, 1000 parallel (75)": [
    153481.17500000005
  ],
  "Mandelbrot 10000x10000, 1000 parallel (150)": [
    158224.91500000004
  ],
  "Mandelbrot 10000x10000, 1000 parallel (300)": [
    166998.68500000006
  ],
  "Mandelbrot 10000x10000, 1000 parallel (600)": [
    168660.25
  ],
  "Mandelbrot 10000x10000, 1000 parallel (1200)": [
    217596.28000000003
  ],
  "Montecarlo 1 sync": [
    193.24000000022352
  ],
  "Monte carlo 1 parallel": [
    470.0299999997951
  ],
  "Montecarlo 2 sync": [
    232.2949999999255
  ],
  "Monte carlo 2 parallel": [
    247.0700000000652
  ],
  "Montecarlo 4 sync": [
    275.2399999999907
  ],
  "Monte carlo 4 parallel": [
    252.1350000000093
  ],
  "Montecarlo 6 sync": [
    416.839999999851
  ],
  "Monte carlo 6 parallel": [
    227.75499999988824
  ],
  "Montecarlo 8 sync": [
    459.98999999975786
  ],
  "Monte carlo 8 parallel": [
    312.6850000000559
  ],
  "Montecarlo 10 sync": [
    657.0749999999534
  ],
  "Monte carlo 10 parallel": [
    267.94499999983236
  ],
  "Montecarlo 15 sync": [
    909.4249999998137
  ],
  "Monte carlo 15 parallel": [
    400.14999999990687
  ],
  "Knights Tour (5x5) sync": [
    1373.5349999999162
  ],
  "Knights Tour (5x5) parallel": [
    584.1350000000093
  ]
}